Status,Invoice,Sale Date,Qty,Product,Unit Value,Est. Payout,Invoice PDF,Report Rows Merged,Report Description,Notes
entered,214288,09/04/2026,1,Hercules Strong Guard ST Trailer - BOAT TRAILER TIRES,1.00,,invoice_214288.pdf,,HER STRONG GUARD ST ST205/75R14/8 105/101N,
entered,214341,09/05/2026,4,General Altimax RT45 - Passenger Tires,3.00,,invoice_214341.pdf,,235/50R18 97H GEN AltiMAX RT45 65K 235/50R18 BW 97H (65K),
not eligible,214354,09/08/2026,2,,,,invoice_214354.pdf,,ST185/80R13/8 CAR RADIAL TRAIL HD ST185/80R13/8 BW M,Carlisle is not on the ClaimForm
not eligible,214502,09/12/2026,4,,,,invoice_214502.pdf,,255/35ZR19XL 96Y CON EXTREMECONTACT DWS06 PLUS 50K 255/35ZR19XL BW 96Y (50K),nothing on the ClaimForm for Continental matches 'EXTREMECONTACT DWS06 PLUS'
entered,214533,09/14/2026,4,Nokian Outpost nAT - Light Truck Tires,2.00,,invoice_214533.pdf,,LT265/75R16/10 123/120S NOK OUTPOST NAT BW 60K LT265/75R16/10 BW 123/120S (60K),
ready,214629,09/16/2026,4,Toyo Open Country A/T III - Light Truck Tires,2.00,8.00,invoice_214629.pdf,,LT255/75R17/6 111/108S TOY OPEN COUNTRY A/T III 50K LT255/75R17/6 BW 111/108S (50K),
ready,214632,09/16/2026,4,Nitto Terra Grappler G3 - Light Truck Tires,2.00,8.00,invoice_214632.pdf,,NIT TERRA GRAPPLER G3 275/60R20XL 116T,
not eligible,214633,09/16/2026,2,,,,invoice_214633.pdf,,305/40R22XL 114H NIT NT420V 305/40R22XL BW 114H,nothing on the ClaimForm for Nitto matches 'NT420V'
ready,214645,09/17/2026,1,Hercules Strong Guard ST Trailer - BOAT TRAILER TIRES,1.00,1.00,invoice_214645.pdf,,HER STRONG GUARD ST ST205/75R14/8 105/101N,
needs attention,214655,09/17/2026,4,,,,invoice_214655.pdf,,245/55R19 103H NOK ONE BW 80K 245/55R19 103H (80K),needs attention: the list tire has HT which the report line does not; best guess: Nokian One HT - Light Truck Tires
ready,214659,09/17/2026,4,Continental SecureContact AW - Passenger Tires,3.00,12.00,invoice_214659.pdf,,225/65R17 102H CON SECURECONTACT AW BW 60K 225/65R17 BW 102H (60K),
ready,214679,09/17/2026,4,Nokian Remedy WRG5 - Passenger Tires,2.00,8.00,invoice_214679.pdf,,225/55R17XL 101V NOK REMEDY WRG5 BW 60K 225/55R17XL BW 101V (60K),
not eligible,214698,09/18/2026,2,,,,invoice_214698.pdf,,ST175/80R13/8 CAR RADIAL TRAIL HD ST175/80R13/8 BW M,Carlisle is not on the ClaimForm
ready,214707,09/18/2026,4,Nokian Remedy WRG5 - Passenger Tires,2.00,8.00,invoice_214707.pdf,,255/55R20XL 110V NOK REMEDY WRG5 BW 60K 255/55R20XL BW 110V (60K),
ready,214725,09/18/2026,4,Nokian Remedy WRG5 - Passenger Tires,2.00,8.00,invoice_214725.pdf,,255/65R18 111H NOK REMEDY WRG5 BW 60K 255/65R18 BW 111H (60K),
ready,214738,09/19/2026,4,Falken Aklimate - Passenger Tires,2.00,8.00,invoice_214738.pdf,,205/60R16 92V FAL AKLIMATE BW 65K 205/60R16 BW 92V (65K),
not eligible,214745,09/19/2026,1,,,,invoice_214745.pdf,,205/40ZR17XL 84W IRON iMOVE GEN 3 AS 40K 205/40ZR17XL BW 84W (40K),Ironman is not on the ClaimForm
ready,214780,09/21/2026,4,Falken Aklimate - Passenger Tires,2.00,8.00,invoice_214780.pdf,,205/60R16 92V FAL AKLIMATE BW 65K 205/60R16 BW 92V (65K),
ready,214790,09/21/2026,4,Nitto Terra Grappler G3 - Light Truck Tires,2.00,8.00,invoice_214790.pdf,,35X12.5R18LT/12 128R NIT TERRA GRAPPLER G3 BW 55K 35X12.50R18LT/12 BW 128R (55K),
not eligible,214852,09/23/2026,4,,,,invoice_214852.pdf,,205/65R16 95H HER ROADTOUR CONNECT AS BW 55K 205/65R16 BW 95H (55K),nothing on the ClaimForm for Hercules matches 'ROADTOUR CONNECT AS'
needs attention,214962,09/25/2026,4,,,,invoice_214962.pdf,2,275/55R20XL 117T HER TERRA TRAC AT X-JOURNEY 3PMS 60K,needs attention: extra words in the report line: X-JOURNEY; best guess: Hercules Terra Trac A/T - Light Truck Tires
ready,214983,09/26/2026,4,Falken Wildpeak A/T4W - Light Truck Tires,2.00,8.00,invoice_214983.pdf,,265/70R16 112T FAL WILDPEAK A/T4W BW 65K 265/70R16 BW 112T (65K),
not eligible,215024,09/28/2026,4,,,,invoice_215024.pdf,2,225/65R17 102H NOK NORDMAN SOLSTICE 4 BW 50K 225/65R17 BW 102H (50K),nothing on the ClaimForm for Nokian matches 'NORDMAN SOLSTICE 4'
ready,215081,09/30/2026,2,General Altimax RT45 - Passenger Tires,3.00,6.00,invoice_215081.pdf,,215/60R16 95T GEN AltiMAX RT45 75K 215/60R16 BW 95T (75K),
ready,215091,09/30/2026,4,Toyo Open Country A/T III - Light Truck Tires,2.00,8.00,invoice_215091.pdf,2,LT37X12.50R20/10 126Q TOY OPEN COUNTRY A/T III BW 50K LT37X12.50R20/10 BW 126Q (50K),
ready,215100,09/30/2026,4,Nitto Terra Grappler G3 - Light Truck Tires,2.00,8.00,invoice_215100.pdf,,LT285/50R22/10 121/118S NIT TERRA GRAPPLER G3 BW 55K LT285/50R22/10 BW 121/118S (55K),
ignored,214195,09/01/2026,1,,,,,,18X8.50/9.50-8 FST IMPORT TR13 TUBE 18X850/950-8,tube
ignored,214962,09/25/2026,1,,,,,,Shipping and Handling,shipping/handling
ignored,214962,09/25/2026,1,,,,,,Shipping and Handling,shipping/handling
